{
    "AdvantageData":[
      {
        "image": "advantage-img1.png",
        "Heading": "Aspires To Be The Leader In <br/> Immersive Metaverse",
        "Para": "Dive into a crypto-focused atmosphere with our community. No matters if you're a crypto newbie or professional, you can join the metaverse. MET GAIN is power-packed with features to create the first-ever crypto social metaverse."
      },
      {
        "image": "advantage-img2.png",
        "Heading": "Metaverse Games Are Easy <br/> To Play Anytime, Anywhere",
        "Para": "We build a SocialFi Metaverse ecosystem to connect crypto users. An online multiplayer game to unleash superb experiences. It takes to the real player-driven world. Create your world to experience something techy and newish."
      },
      {
        "image": "advantage-img3.png",
        "Heading": "Don’t Worry! Mortals <br/> Something Big Is Comingre",
        "Para": "Metaverse Owned By Its Users. Launching a P2E Metaverse offers play-to-earn games. This is a new gaming model taking the world to a new era. You can create your world, Your Planet, Your game, Your characters, Your imagination of play to earn games."
      }
    ]
}