{
    "SidebarData": [
        {
            "name": "dashboard",
            "icon": "dashboard",
            "link": "/dashboard",
            "children": []
        },
        {
            "name": "profile",
            "icon": "profile",
            "link": "/profile",
            "children": []
        },

        {
            "name": "generation tree",
            "icon": "generationtree",
            "link": "/generation",
            "children": []
        },

        {
            "name": "withdraw history",
            "icon": "reports",
            "link": "/withdraw-history",
            "children": []
        },
        {
            "name": "bonus",
            "icon": "incomes",
            "children": [
                {
                    "name": "roi bonus",
                    "link": "/roi_income",
                    "icon": "principal"
                },
                {
                    "name": "direct bonus",
                    "link": "/direct_income",
                    "icon": "principal"
                },

                {
                    "name": "matching bonus",
                    "link": "/matchingincome",
                    "icon": "principal"
                },
                {
                    "name": "reward bonus",
                    "link": "/reward-income",
                    "icon": "principal"
                }
            ]
        },

        {
            "name": "reports",
            "icon": "reports",
            "children": [
                {
                    "name": "deposit report",
                    "icon": "reports",
                    "link": "/depositreport"
                },
                {
                    "name": "stake report",
                    "link": "/stake_report",
                    "icon": "reports"
                },

                {
                    "name": "direct team report",
                    "icon": "generationtree",
                    "link": "/directreport"
                },
                {
                    "name": "downline team report",
                    "icon": "generationtree",
                    "link": "/downlinereport"
                }
            ]
        }
    ]
}
